,ma_momentum
2015-01-01,
2015-01-02,
2015-01-05,
2015-01-06,
2015-01-07,
2015-01-08,
2015-01-09,
2015-01-12,
2015-01-13,
2015-01-14,
2015-01-15,
2015-01-16,
2015-01-19,
2015-01-20,
2015-01-21,
2015-01-22,
2015-01-23,
2015-01-26,
2015-01-27,
2015-01-28,
2015-01-29,
2015-01-30,
2015-02-02,
2015-02-03,
2015-02-04,
2015-02-05,
2015-02-06,
2015-02-09,
2015-02-10,
2015-02-11,-0.012240818419518242
2015-02-12,-0.015830067102458854
2015-02-13,-0.01890855664239732
2015-02-16,-0.022186055686825377
2015-02-17,-0.0247065876017526
2015-02-18,-0.025995267217495358
2015-02-19,-0.02721896588747331
2015-02-20,-0.027846578787218475
2015-02-23,-0.02922831414141163
2015-02-24,-0.030626715337153852
2015-02-25,-0.03125568460494091
2015-02-26,-0.03258370481510175
2015-02-27,-0.03386116880374438
2015-03-02,-0.035289444262731735
2015-03-03,-0.03606307161052964
2015-03-04,-0.03698342258870513
2015-03-05,-0.03829400411826422
2015-03-06,-0.03921540846496199
2015-03-09,-0.040066046947895145
2015-03-10,-0.04052482771565081
2015-03-11,-0.04143404255701547
2015-03-12,-0.04200769318376506
2015-03-13,-0.043780117307356856
2015-03-16,-0.045945166167208173
2015-03-17,-0.047384393836127095
2015-03-18,-0.04894622115670081
2015-03-19,-0.04951469838888354
2015-03-20,-0.05047796666002249
2015-03-23,-0.05051131342009915
2015-03-24,-0.04959021370618495
2015-03-25,-0.04838504123398642
2015-03-26,-0.04728017613207359
2015-03-27,-0.04641660136178575
2015-03-30,-0.045786355379770514
2015-03-31,-0.04515338545770214
2015-04-01,-0.04344739831308627
2015-04-02,-0.04077001535407931
2015-04-03,-0.03746311397348514
2015-04-06,-0.03411879214266958
2015-04-07,-0.030906478008233488
2015-04-08,-0.026855709317054936
2015-04-09,-0.02286487033922405
2015-04-10,-0.01814524759189132
2015-04-13,-0.012938981155941982
2015-04-14,-0.007773291251294121
2015-04-15,-0.004634607259616925
2015-04-16,-0.0019193160863177458
2015-04-17,0.001067569926270673
2015-04-20,0.004193515880581616
2015-04-21,0.006998847425578098
2015-04-22,0.008144710939863305
2015-04-23,0.009649321637476822
2015-04-24,0.011387748338200608
2015-04-27,0.014371303906762436
2015-04-28,0.01760874877173235
2015-04-29,0.019966651153983335
2015-04-30,0.021303862514164388
2015-05-01,0.022731081103601728
2015-05-04,0.023789478024744303
2015-05-05,0.02427749411070489
2015-05-06,0.025235705048214197
2015-05-07,0.025943494638513007
2015-05-08,0.026477213140313517
2015-05-11,0.026742900106794795
2015-05-12,0.025702057123140446
2015-05-13,0.026212080789357623
2015-05-14,0.025468304359281
2015-05-15,0.02472269707858728
2015-05-18,0.02388024076701793
2015-05-19,0.022695439338480415
2015-05-20,0.022641764506598196
2015-05-21,0.02244601318027089
2015-05-22,0.021892723625272194
2015-05-25,0.02025861507575369
2015-05-26,0.01850935820091367
2015-05-27,0.01690715053711707
2015-05-28,0.015627284033126233
2015-05-29,0.014439203822171245
2015-06-01,0.013331454019082816
2015-06-02,0.012709198440169716
2015-06-03,0.011470446739875493
2015-06-04,0.009465082003073026
2015-06-05,0.0067579933487110526
2015-06-08,0.00430534315474541
2015-06-09,0.00313675469207297
2015-06-10,0.0024010014329320793
2015-06-11,0.0028278863920988048
2015-06-12,0.0030016686839539845
2015-06-15,0.002477949173124639
2015-06-16,0.0024213519877746103
2015-06-17,0.0030244132593558026
2015-06-18,0.0046989166069181625
2015-06-19,0.006288027136918434
2015-06-22,0.008435147840371223
2015-06-23,0.010254467754187944
2015-06-24,0.012533732853875308
2015-06-25,0.015809473376884375
2015-06-26,0.01765745486745993
2015-06-29,0.019220507366025152
2015-06-30,0.020722977932779447
2015-07-01,0.021927049023751272
2015-07-02,0.023615019991876294
2015-07-03,0.02567749784436723
2015-07-06,0.02730365089201008
2015-07-07,0.027988141127336795
2015-07-08,0.02781992745331546
2015-07-09,0.028195031406221833
2015-07-10,0.02833308721421783
2015-07-13,0.02894842837729899
2015-07-14,0.029258367466150927
2015-07-15,0.0282020528878189
2015-07-16,0.02659812106283857
2015-07-17,0.0260871000841847
2015-07-20,0.024464796900273315
2015-07-21,0.023597075775963216
2015-07-22,0.022358521489294115
2015-07-23,0.01991857399555263
2015-07-24,0.017760542115730384
2015-07-27,0.01554892322310967
2015-07-28,0.013375112890789386
2015-07-29,0.011735104997469919
2015-07-30,0.01119605268493763
2015-07-31,0.011016447241308501
2015-08-03,0.011113318089993348
2015-08-04,0.010972522715406476
2015-08-05,0.01139230447676851
2015-08-06,0.010403048219876882
2015-08-07,0.010545724627113265
2015-08-10,0.011218490027598872
2015-08-11,0.010972189916065233
2015-08-12,0.011602846015395072
2015-08-13,0.011521389820584017
2015-08-14,0.010851890721990397
2015-08-17,0.01150730723008251
2015-08-18,0.01167285009082199
2015-08-19,0.012005755138350659
2015-08-20,0.012130990994931232
2015-08-21,0.013633020105402939
2015-08-24,0.016830023016329108
2015-08-25,0.019783842751118542
2015-08-26,0.02220172387122473
2015-08-27,0.0237049915844246
2015-08-28,0.024596353351367298
2015-08-31,0.02579663561038153
2015-09-01,0.02748938394673212
2015-09-02,0.029124965010545092
2015-09-03,0.0315276860050468
2015-09-04,0.032956629181502224
2015-09-07,0.034359320383295006
2015-09-08,0.03657302770653305
2015-09-09,0.03971739216438357
2015-09-10,0.043927855835979385
2015-09-11,0.04714287417175447
2015-09-14,0.04936691445986343
2015-09-15,0.05188941500407468
2015-09-16,0.0538594465533394
2015-09-17,0.056265244461135094
2015-09-18,0.05815493519372161
2015-09-21,0.05867609503131466
2015-09-22,0.058899596372605875
2015-09-23,0.05883718097879229
2015-09-24,0.05877289533099364
2015-09-25,0.059527900998811174
2015-09-28,0.06023794051381243
2015-09-29,0.060325180595258286
2015-09-30,0.06006567770264047
2015-10-01,0.05973289512588235
2015-10-02,0.058861617602841365
2015-10-05,0.05708087913641951
2015-10-06,0.055544362150436795
2015-10-07,0.051702933066848165
2015-10-08,0.04743340276172269
2015-10-09,0.04420292185743047
2015-10-12,0.04188470452823257
2015-10-13,0.03979244487356323
2015-10-14,0.03738654417952919
2015-10-15,0.03430327534656744
2015-10-16,0.030865829732449796
2015-10-19,0.027423134627861032
2015-10-20,0.02481168850827027
2015-10-21,0.024771108688254315
2015-10-22,0.02557127163354539
2015-10-23,0.026580463055615934
2015-10-26,0.027848301444935806
2015-10-27,0.03022818415254419
2015-10-28,0.03249237545399562
2015-10-29,0.034748528888909815
2015-10-30,0.03748237092096674
2015-11-02,0.04015242478119749
2015-11-03,0.042355593379327906
2015-11-04,0.045303566283908914
2015-11-05,0.048874771795786746
2015-11-06,0.05147652806404618
2015-11-09,0.05394767808226941
2015-11-10,0.05492485128397119
2015-11-11,0.056547566688183976
2015-11-12,0.05932802045196389
2015-11-13,0.062090506122285886
2015-11-16,0.06447884690230703
2015-11-17,0.06620763062273094
2015-11-18,0.06581715049356932
2015-11-19,0.06436196560101141
2015-11-20,0.061931880701038014
2015-11-23,0.058751853831145735
2015-11-24,0.05488470212459381
2015-11-25,0.05207652658625248
2015-11-26,0.04929247204376436
2015-11-27,0.04620236840339492
2015-11-30,0.043608484453525345
2015-12-01,0.04104582218987396
2015-12-02,0.03932194128302553
2015-12-03,0.03608662713282156
2015-12-04,0.033762178078875826
2015-12-07,0.031005546910196472
2015-12-08,0.0297459579027086
2015-12-09,0.028415765353923428
2015-12-10,0.026373414002828614
2015-12-11,0.02414297383908435
2015-12-14,0.022318752242240895
2015-12-15,0.02148597029701274
2015-12-16,0.02020330579950702
2015-12-17,0.018743710392652803
2015-12-18,0.017673315387054227
2015-12-21,0.017516572395053543
2015-12-22,0.018045865665062367
2015-12-23,0.01675539358179949
2015-12-24,0.014770796958425012
2015-12-25,0.014384136242774896
2015-12-28,0.013721762898855256
2015-12-29,0.013653125656486699
2015-12-30,0.013235286305092487
2015-12-31,0.0129535660882079
2016-01-01,0.012824773101991364
2016-01-04,0.011345494453874923
2016-01-05,0.008979927810025146
2016-01-06,0.006878580216557388
2016-01-07,0.004302788124798178
2016-01-08,0.0027375732154455404
2016-01-11,0.0010981212782816196
2016-01-12,-0.0016289313725090786
2016-01-13,-0.003941657135438007
2016-01-14,-0.004772453003132327
2016-01-15,-0.006350871924142523
2016-01-18,-0.008577249855096898
2016-01-19,-0.011402198028033335
2016-01-20,-0.01373424193433464
2016-01-21,-0.01536702290733439
2016-01-22,-0.017850606060582034
2016-01-25,-0.020219892891763378
2016-01-26,-0.02293785459964761
2016-01-27,-0.02630141759462405
2016-01-28,-0.028664675734249304
2016-01-29,-0.031075246488611704
2016-02-01,-0.030837396002364452
2016-02-02,-0.03049912096292035
2016-02-03,-0.02923255704949945
2016-02-04,-0.02771537413195442
2016-02-05,-0.027269118104227608
2016-02-08,-0.025936569565737415
2016-02-09,-0.024271440522085987
2016-02-10,-0.022777507060149395
2016-02-11,-0.022390236275237837
2016-02-12,-0.021353776255442724
2016-02-15,-0.021205650296597912
2016-02-16,-0.020938328628929637
2016-02-17,-0.019532944937027053
2016-02-18,-0.018434930511820644
2016-02-19,-0.017553630961651783
2016-02-22,-0.016188874764756063
2016-02-23,-0.01465435403509692
2016-02-24,-0.012477972439770564
2016-02-25,-0.010787397961397467
2016-02-26,-0.009729494886717904
2016-02-29,-0.00921500477784424
2016-03-01,-0.007622174700029116
2016-03-02,-0.0074544255816397864
2016-03-03,-0.006158609546116047
2016-03-04,-0.004281645404500065
2016-03-07,-0.003091386991070609
2016-03-08,-0.0015844553996303072
2016-03-09,0.0003284660318231953
2016-03-10,0.0020612520760207305
2016-03-11,0.0046645950233452525
2016-03-14,0.008430203461436064
2016-03-15,0.01237736543987457
2016-03-16,0.016317366056891915
2016-03-17,0.020535475246266352
2016-03-18,0.024833642751340614
2016-03-21,0.028674862916601054
2016-03-22,0.032248798390368316
2016-03-23,0.03555805110884428
2016-03-24,0.03915009102942914
2016-03-25,0.04329510149926746
2016-03-28,0.04607186222837222
2016-03-29,0.04896347961159501
2016-03-30,0.051370445312011806
2016-03-31,0.052872283060749106
2016-04-01,0.05444562600918023
2016-04-04,0.056377611521345176
2016-04-05,0.05818731225705178
2016-04-06,0.06038882925409911
2016-04-07,0.06302988484270484
2016-04-08,0.06441329427838899
2016-04-11,0.065500431453779
2016-04-12,0.06582197039302827
2016-04-13,0.06549400880043985
2016-04-14,0.06513843641442063
2016-04-15,0.0640910884013369
2016-04-18,0.06293554580658679
2016-04-19,0.06175779957466035
2016-04-20,0.06037107640058421
2016-04-21,0.05862707585285915
2016-04-22,0.05673340088600357
2016-04-25,0.0556867458938474
2016-04-26,0.053065418105460324
2016-04-27,0.05121647842152516
2016-04-28,0.04986356457989103
2016-04-29,0.04725873691606384
2016-05-02,0.04364631400137522
2016-05-03,0.0393423394909419
2016-05-04,0.034388133001726696
2016-05-05,0.029472739301732546
2016-05-06,0.025571501954686368
2016-05-09,0.0219449022211941
2016-05-10,0.018840871736963083
2016-05-11,0.015265233472398724
2016-05-12,0.011250247532404912
2016-05-13,0.00784516468370871
2016-05-16,0.004630487513963207
2016-05-17,0.0014580535021584315
2016-05-18,-0.001572574959347081
2016-05-19,-0.004096648328673473
2016-05-20,-0.006222736288217378
2016-05-23,-0.008402986635050196
2016-05-24,-0.010048016438653704
2016-05-25,-0.011113777623159037
2016-05-26,-0.012454863648719151
2016-05-27,-0.012734373778523411
2016-05-30,-0.012268578483043814
2016-05-31,-0.011225286087057185
2016-06-01,-0.010428518037813318
2016-06-02,-0.00988453369293792
2016-06-03,-0.00979691013441591
2016-06-06,-0.00947787072100344
2016-06-07,-0.00847410508871883
2016-06-08,-0.006138685275765682
2016-06-09,-0.003591001983990091
2016-06-10,-0.0004626896134215066
2016-06-13,0.002867692999662223
2016-06-14,0.007195446697994591
2016-06-15,0.011512840686264543
2016-06-16,0.015093892931628024
2016-06-17,0.01750260825206445
2016-06-20,0.018672629490882355
2016-06-21,0.019615449447292575
2016-06-22,0.01950914269756036
2016-06-23,0.019427006635527787
2016-06-24,0.01961978641071915
2016-06-27,0.02090602011221652
2016-06-28,0.022856875698243035
2016-06-29,0.02521406927957936
2016-06-30,0.027155084837036055
2016-07-01,0.028814080474413833
2016-07-04,0.02888665640653349
2016-07-05,0.028932061984604393
2016-07-06,0.028238191676288195
2016-07-07,0.027842848943520675
2016-07-08,0.025770274491990954
2016-07-11,0.02408801271974835
2016-07-12,0.020772587307447573
2016-07-13,0.018575496181723758
2016-07-14,0.01619591576116134
2016-07-15,0.014031901374295384
2016-07-18,0.01357677920328014
2016-07-19,0.013626718218898336
2016-07-20,0.014016525812578402
2016-07-21,0.014671465786660589
2016-07-22,0.014356936522821828
2016-07-25,0.012299665719722656
2016-07-26,0.009293672573523471
2016-07-27,0.006874603122189589
2016-07-28,0.00557650592490427
2016-07-29,0.0037804308807351376
2016-08-01,0.0023869098296096397
2016-08-02,0.0002573951425073533
2016-08-03,-0.0027006510816783903
2016-08-04,-0.005864961596820019
2016-08-05,-0.006988187448449662
2016-08-08,-0.009000460766504246
2016-08-09,-0.01034300884102392
2016-08-10,-0.01269085860658591
2016-08-11,-0.012757740581470623
2016-08-12,-0.010913881271175159
2016-08-15,-0.009093310840326595
2016-08-16,-0.006695295173006387
2016-08-17,-0.0034385642119692805
2016-08-18,9.670470220000028e-05
2016-08-19,0.0038861352425759786
2016-08-22,0.008153672011695331
2016-08-23,0.012949802416554218
2016-08-24,0.016316125936259432
2016-08-25,0.018441784657635227
2016-08-26,0.020237351209291113
2016-08-29,0.023192574373861262
2016-08-30,0.025956795284037656
2016-08-31,0.029769238929977154
2016-09-01,0.03400949416557592
2016-09-02,0.03829284735648551
2016-09-05,0.04179094799988782
2016-09-06,0.04406092234533574
2016-09-07,0.04592187754587666
2016-09-08,0.046239359268648146
2016-09-09,0.04485223167994188
2016-09-12,0.042003688633209024
2016-09-13,0.038067825846470865
2016-09-14,0.03270164129747655
2016-09-15,0.02648649117282378
2016-09-16,0.021260607429466994
2016-09-19,0.015569524307964587
2016-09-20,0.008992184204804824
2016-09-21,0.0031326254409818565
2016-09-22,-0.0019474624490280659
2016-09-23,-0.004789069409176943
2016-09-26,-0.00797907798971847
2016-09-27,-0.011109848030204778
2016-09-28,-0.015366116191872522
2016-09-29,-0.02025034159680354
2016-09-30,-0.02697187516835479
2016-10-03,-0.03279571771179406
2016-10-04,-0.03742447162144365
2016-10-05,-0.04212405639258336
2016-10-06,-0.046694192729356127
2016-10-07,-0.05136861373942769
2016-10-10,-0.05483995946356402
2016-10-11,-0.058045312309794775
2016-10-12,-0.06040588960191557
2016-10-13,-0.06316863163983875
2016-10-14,-0.0662096839943511
2016-10-17,-0.06829807441670549
2016-10-18,-0.07015269449230582
2016-10-19,-0.07139789729756363
2016-10-20,-0.07252122762231411
2016-10-21,-0.07549296148101034
2016-10-24,-0.0789568233600506
2016-10-25,-0.08189692976068305
2016-10-26,-0.08356645551416815
2016-10-27,-0.084896137239364
2016-10-28,-0.08551144892517702
2016-10-31,-0.08522188712455465
2016-11-01,-0.08276562516538424
2016-11-02,-0.078689636865916
2016-11-03,-0.07536985674100007
2016-11-04,-0.07219667362241086
2016-11-07,-0.0694454817695891
2016-11-08,-0.06649677125382142
2016-11-09,-0.06365192288291244
2016-11-10,-0.060978648880456635
2016-11-11,-0.059280106322625495
2016-11-14,-0.05846778202157421
2016-11-15,-0.05628475490296106
2016-11-16,-0.0536350297149846
2016-11-17,-0.051089631921533867
2016-11-18,-0.04691586841592643
2016-11-21,-0.04158831379650765
2016-11-22,-0.037338825560895066
2016-11-23,-0.0332192367269953
2016-11-24,-0.02860845691792684
2016-11-25,-0.024413741908315485
2016-11-28,-0.020959763998179736
2016-11-29,-0.02069853892974404
2016-11-30,-0.022362508683117607
2016-12-01,-0.023525275835001663
2016-12-02,-0.022935645208240773
2016-12-05,-0.022186914093875066
2016-12-06,-0.021320644807660716
2016-12-07,-0.020535222517377983
2016-12-08,-0.01875074164497654
2016-12-09,-0.016581055256063657
2016-12-12,-0.014238860193207392
2016-12-13,-0.01320343397872398
2016-12-14,-0.01358407942920488
2016-12-15,-0.013969041742442267
2016-12-16,-0.01524166849727413
2016-12-19,-0.01699874983295284
2016-12-20,-0.018420301497361444
2016-12-21,-0.021330347568834767
2016-12-22,-0.024657717363109146
2016-12-23,-0.027043698795759807
2016-12-26,-0.029880737520714924
2016-12-27,-0.03220553048251602
2016-12-28,-0.03344795246377935
2016-12-29,-0.03555241847666101
2016-12-30,-0.038899986140636805
2017-01-02,-0.04170893727061097
2017-01-03,-0.04462848970146089
2017-01-04,-0.047421715092558714
2017-01-05,-0.05068136862839819
2017-01-06,-0.054153512634504006
2017-01-09,-0.056845823716921054
2017-01-10,-0.05952659731688274
2017-01-11,-0.06216854222375491
2017-01-12,-0.06478812547786025
2017-01-13,-0.06859546604772013
2017-01-16,-0.0727340022159533
2017-01-17,-0.07650398558938233
2017-01-18,-0.07975095567143789
2017-01-19,-0.08352005380172366
2017-01-20,-0.08790417953619102
2017-01-23,-0.0917886227805252
2017-01-24,-0.0945729984553233
2017-01-25,-0.09770523119286043
2017-01-26,-0.09942899225550399
2017-01-27,-0.10211926315851383
2017-01-30,-0.10463197838706471
2017-01-31,-0.1069104942779794
2017-02-01,-0.10977866261840744
2017-02-02,-0.11213673618592918
2017-02-03,-0.11320686299194459
2017-02-06,-0.11452218293400235
2017-02-07,-0.11547409173756541
2017-02-08,-0.11575135532385766
2017-02-09,-0.11635334756458295
2017-02-10,-0.11552572068839867
2017-02-13,-0.11406745842276277
2017-02-14,-0.1118220488275404
2017-02-15,-0.1085239070396557
2017-02-16,-0.10511981045169244
2017-02-17,-0.10153400904338156
2017-02-20,-0.09782921608757496
2017-02-21,-0.09478180452657352
2017-02-22,-0.09185247456887671
2017-02-23,-0.08911067913973587
2017-02-24,-0.08446067768643556
2017-02-27,-0.08000706039929406
2017-02-28,-0.07637549384476583
2017-03-01,-0.07103340123584119
2017-03-02,-0.06531338789549501
2017-03-03,-0.06084980810885039
2017-03-06,-0.05698942783778563
2017-03-07,-0.054118827461376515
2017-03-08,-0.05133827795905926
2017-03-09,-0.04853538830738661
2017-03-10,-0.045006216242769764
2017-03-13,-0.04197186533091834
2017-03-14,-0.03943249266422835
2017-03-15,-0.03694521607540956
2017-03-16,-0.034901301069641434
2017-03-17,-0.032407396131788745
2017-03-20,-0.02958475038551856
2017-03-21,-0.027508948151661446
2017-03-22,-0.02461608878229845
2017-03-23,-0.022105211311804873
2017-03-24,-0.020774547017531307
2017-03-27,-0.020012009286915253
2017-03-28,-0.01806954108254878
2017-03-29,-0.016881895070415726
2017-03-30,-0.015879907780109104
2017-03-31,-0.014323325216822865
2017-04-03,-0.012429683714094144
2017-04-04,-0.008975089700722106
2017-04-05,-0.005757646818690279
2017-04-06,-0.0023882945776948455
2017-04-07,-0.000622222531447244
2017-04-10,0.0009598108911253795
2017-04-11,0.002465564810192953
2017-04-12,0.0036863967994473857
2017-04-13,0.005975640827328129
2017-04-14,0.007872278088126532
2017-04-17,0.008788592315815504
2017-04-18,0.010565086749883846
2017-04-19,0.01169604221583074
2017-04-20,0.013040226860397108
2017-04-21,0.014052688447659958
2017-04-24,0.015114135045532714
2017-04-25,0.015677421617320945
2017-04-26,0.015707663788308845
2017-04-27,0.016103083496048023
2017-04-28,0.016606512738722507
2017-05-01,0.017059440399126043
2017-05-02,0.016354554283198226
2017-05-03,0.016591385139478783
2017-05-04,0.017171156579946695
2017-05-05,0.017997255237578946
2017-05-08,0.018909095474372726
2017-05-09,0.019231248363654994
2017-05-10,0.01999151521073649
2017-05-11,0.021062123947288357
2017-05-12,0.022266091103333278
2017-05-15,0.02425661008192361
2017-05-16,0.026831050880454486
2017-05-17,0.02925136456078119
2017-05-18,0.030965542850690583
2017-05-19,0.033706972141885255
2017-05-22,0.03697718410490231
2017-05-23,0.04003178885928353
2017-05-24,0.04378214537823495
2017-05-25,0.04614049612167718
2017-05-26,0.048014046126137654
2017-05-29,0.05033830701313547
2017-05-30,0.05340679920290087
2017-05-31,0.05594857812386323
2017-06-01,0.0573021339818868
2017-06-02,0.05959628869367755
2017-06-05,0.06178215315410057
2017-06-06,0.06438578274842881
2017-06-07,0.06529091805861438
2017-06-08,0.06485483532225789
2017-06-09,0.06464254356439669
2017-06-12,0.06418281392827424
2017-06-13,0.06259077396680385
2017-06-14,0.060489590980865295
2017-06-15,0.05875646400121648
2017-06-16,0.05735751072721681
2017-06-19,0.054894251898630286
2017-06-20,0.051322469583412654
2017-06-21,0.046542996578311825
2017-06-22,0.04197016017326003
2017-06-23,0.03696289549745931
2017-06-26,0.03181797380901319
2017-06-27,0.026693201079738466
2017-06-28,0.021001472876366264
2017-06-29,0.017073936349842986
2017-06-30,0.012680804958842952
2017-07-03,0.008337778671688873
2017-07-04,0.0038923808163171696
2017-07-05,0.001327892707893494
2017-07-06,-0.00011728999309719391
2017-07-07,-0.002041894961287638
2017-07-10,-0.004228120620399108
2017-07-11,-0.0056360586845369326
2017-07-12,-0.006180120313319273
2017-07-13,-0.006543722873589919
2017-07-14,-0.008263580444502558
2017-07-17,-0.009785886991321283
2017-07-18,-0.010344248633198282
2017-07-19,-0.010862474267877394
2017-07-20,-0.010830423758905219
2017-07-21,-0.009466365468643767
2017-07-24,-0.007653592561059708
2017-07-25,-0.007016492540878101
2017-07-26,-0.0061103279697396
2017-07-27,-0.005590724035775551
2017-07-28,-0.006717724907037779
2017-07-31,-0.007906106705885136
2017-08-01,-0.008800557982737774
2017-08-02,-0.011344891835115214
2017-08-03,-0.014354940669575201
2017-08-04,-0.01782962976909535
2017-08-07,-0.020499807997264217
2017-08-08,-0.022745226511946746
2017-08-09,-0.02429850140851578
2017-08-10,-0.02530356945653515
2017-08-11,-0.026329411712317886
2017-08-14,-0.027200793275763697
2017-08-15,-0.027284391119762497
2017-08-16,-0.02704394703425791
2017-08-17,-0.026668303488726137
2017-08-18,-0.026445389340411192
2017-08-21,-0.027234059794346073
2017-08-22,-0.026298457459390225
2017-08-23,-0.025551201894742873
2017-08-24,-0.02611822738233828
2017-08-25,-0.02467289720469895
2017-08-28,-0.02327701164710239
2017-08-29,-0.021491859613608694
2017-08-30,-0.018781405336235967
2017-08-31,-0.015970529239089648
2017-09-01,-0.012186324142946962
2017-09-04,-0.00981571861576914
2017-09-05,-0.008058603529385594
2017-09-06,-0.007491042682681769
2017-09-07,-0.007750984271063958
2017-09-08,-0.006635498172093073
2017-09-11,-0.0054104512072481415
2017-09-12,-0.0053126392665370885
2017-09-13,-0.005237513058425351
2017-09-14,-0.005401465909545566
2017-09-15,-0.0064623620130965734
2017-09-18,-0.006698387883782115
2017-09-19,-0.008178631313830977
2017-09-20,-0.009123326047244766
2017-09-21,-0.009357075004218134
2017-09-22,-0.009983554202787983
2017-09-25,-0.01030595117759182
2017-09-26,-0.011028602214409012
2017-09-27,-0.011609528892581135
2017-09-28,-0.011559429078190419
2017-09-29,-0.011596312006333234
2017-10-02,-0.010882454732701604
2017-10-03,-0.01073909859678988
2017-10-04,-0.010584200605110302
2017-10-05,-0.010101181445058893
2017-10-06,-0.01090150923467154
2017-10-09,-0.011895806613695171
2017-10-10,-0.011883416689469524
2017-10-11,-0.010923980301215944
2017-10-12,-0.010276781343730196
2017-10-13,-0.008915477627202024
2017-10-16,-0.008107361670088785
2017-10-17,-0.0067311278060171965
2017-10-18,-0.006457490288795884
2017-10-19,-0.006041473473038876
2017-10-20,-0.00634148220870029
2017-10-23,-0.006259050048285099
2017-10-24,-0.007065481027315837
2017-10-25,-0.007794286959653965
2017-10-26,-0.009114268794834585
2017-10-27,-0.010647869637282594
2017-10-30,-0.011531151395749145
2017-10-31,-0.011273302023550258
2017-11-01,-0.010168183868070819
2017-11-02,-0.009792089612638322
2017-11-03,-0.009329704384486702
2017-11-06,-0.008468787212977606
2017-11-07,-0.007917840323738571
2017-11-08,-0.00753862467743171
2017-11-09,-0.007223543033099663
2017-11-10,-0.006911579280076207
2017-11-13,-0.007167501537100327
2017-11-14,-0.007278754491455684
2017-11-15,-0.007401304684229742
2017-11-16,-0.00806571115414118
2017-11-17,-0.008542116926017727
2017-11-20,-0.009824649439508748
2017-11-21,-0.009736454314452836
2017-11-22,-0.010394674389543262
2017-11-23,-0.010454523574963619
2017-11-24,-0.010343769354680118
2017-11-27,-0.010957350506116183
2017-11-28,-0.012805749660832835
2017-11-29,-0.015166891084461833
2017-11-30,-0.016757644028542285
2017-12-01,-0.01721832705748348
2017-12-04,-0.01633295672192641
2017-12-05,-0.01568159895801744
2017-12-06,-0.015180101236198866
2017-12-07,-0.014455086207793547
2017-12-08,-0.014102041068582247
2017-12-11,-0.012267768790030043
2017-12-12,-0.01069254073157628
2017-12-13,-0.007199617210273918
2017-12-14,-0.0026661906944769964
2017-12-15,0.0024176224908493017
2017-12-18,0.008239748587484589
2017-12-19,0.014004089981690324
2017-12-20,0.0205394931373208
2017-12-21,0.025165106513145043
2017-12-22,0.029000030989087683
2017-12-25,0.03256289793252307
2017-12-26,0.03650865017468676
2017-12-27,0.04028642098507464
2017-12-28,0.044516683836721
2017-12-29,0.047856291900369496
2018-01-01,0.04954030686234898
2018-01-02,0.05154577407899941
2018-01-03,0.05310108138306217
2018-01-04,0.05545630421823844
2018-01-05,0.05823474524157188
2018-01-08,0.060226009376102986
2018-01-09,0.06241691828671072
2018-01-10,0.06267208739617586
2018-01-11,0.06251206608906171
2018-01-12,0.06258761343987956
2018-01-15,0.062466025022479034
2018-01-16,0.060894148073112574
2018-01-17,0.05858798140982649
2018-01-18,0.057724892006692695
2018-01-19,0.0574754197891248
2018-01-22,0.057893124404034796
2018-01-23,0.05875122083676422
2018-01-24,0.059502985216198005
2018-01-25,0.060116380679747485
2018-01-26,0.061006521922991525
2018-01-29,0.06159275223315651
2018-01-30,0.061621387823611276
2018-01-31,0.061215310894480415
2018-02-01,0.05987779530286932
2018-02-02,0.0580850057643552
2018-02-05,0.05565674756243323
2018-02-06,0.053586473474373904
2018-02-07,0.05192289927598823
2018-02-08,0.04978713322767872
2018-02-09,0.04707985442715953
2018-02-12,0.044552375085441916
2018-02-13,0.04306917650918495
2018-02-14,0.04255153644175055
2018-02-15,0.0413721723796325
2018-02-16,0.04038418506192443
2018-02-19,0.039410777936083094
2018-02-20,0.038292814869833845
2018-02-21,0.03771165762836738
2018-02-22,0.03632023832695865
2018-02-23,0.03576157626928123
2018-02-26,0.03665581071629091
2018-02-27,0.03773209064283824
2018-02-28,0.03908862867515467
2018-03-01,0.04113281920886049
2018-03-02,0.04381626625517219
2018-03-05,0.04688613832972101
2018-03-06,0.048966639188866644
2018-03-07,0.05170105271264948
2018-03-08,0.05416603661712257
2018-03-09,0.05633948966752508
2018-03-12,0.057392463283112836
2018-03-13,0.058118898882206255
2018-03-14,0.058335605222537536
2018-03-15,0.05915571287717705
2018-03-16,0.06032048862262487
2018-03-19,0.060529561173430016
2018-03-20,0.0610016639275176
2018-03-21,0.060903579095819144
2018-03-22,0.06107916295756679
2018-03-23,0.06047011731898391
2018-03-26,0.05801226429833171
2018-03-27,0.055928875449909515
2018-03-28,0.05434486347578426
2018-03-29,0.05226198008061273
2018-03-30,0.04935456669083922
2018-04-02,0.0477987773037083
2018-04-03,0.04633921469748973
2018-04-04,0.04453671246189278
2018-04-05,0.04337176203930596
2018-04-06,0.04264845035927035
2018-04-09,0.04237550999905374
2018-04-10,0.04284441380972741
2018-04-11,0.043774467444476314
2018-04-12,0.044556616142051614
2018-04-13,0.04407713232744811
2018-04-16,0.044422561050401425
2018-04-17,0.0440201100010161
2018-04-18,0.043945768474268496
2018-04-19,0.04417747210159632
2018-04-20,0.04335766746124358
2018-04-23,0.04374958589526559
2018-04-24,0.04469870672838867
2018-04-25,0.0452383955981604
2018-04-26,0.045238965383948664
2018-04-27,0.04519153193782278
2018-04-30,0.04378935307863687
2018-05-01,0.0431879476545539
2018-05-02,0.04365223729703584
2018-05-03,0.044468750356831156
2018-05-04,0.045220319066016486
2018-05-07,0.04601218131501159
2018-05-08,0.045844264650841696
2018-05-09,0.04492488526865397
2018-05-10,0.044756665786940014
2018-05-11,0.04497629311163307
2018-05-14,0.045204514661055746
2018-05-15,0.04576396324042689
2018-05-16,0.04665701409765631
2018-05-17,0.048417689736252614
2018-05-18,0.051100543930337916
2018-05-21,0.05316609195230371
2018-05-22,0.05444176002944758
2018-05-23,0.05626112976069567
2018-05-24,0.059475507203579636
2018-05-25,0.06322756194096402
2018-05-28,0.06652534137238526
2018-05-29,0.06955652945652002
2018-05-30,0.07178674828572205
2018-05-31,0.07415258390667734
2018-06-01,0.07705242853508344
2018-06-04,0.08108121526476508
2018-06-05,0.08598674657132821
2018-06-06,0.09156657859802038
2018-06-07,0.09645590661820155
2018-06-08,0.1017801928017952
2018-06-11,0.10682848614454413
2018-06-12,0.11254360105480452
2018-06-13,0.11717413682578592
2018-06-14,0.12027302037087297
2018-06-15,0.12345766222303665
2018-06-18,0.12667363898896683
2018-06-19,0.1298283365227482
2018-06-20,0.13258311783125631
2018-06-21,0.13418204425005006
2018-06-22,0.13461427778057772
2018-06-25,0.13594874260408407
2018-06-26,0.13709985759831425
2018-06-27,0.1384666911961074
2018-06-28,0.13895960780235955
2018-06-29,0.13900660218149946
2018-07-02,0.13830259694753316
2018-07-03,0.13778390321024428
2018-07-04,0.136543267116213
2018-07-05,0.1347918612709593
2018-07-06,0.1332181477325987
2018-07-09,0.1316989977055673
2018-07-10,0.12904879247706497
2018-07-11,0.127000982930007
2018-07-12,0.125376604291968
2018-07-13,0.12331442087067422
2018-07-16,0.12159573370102568
2018-07-17,0.119070899838075
2018-07-18,0.11686329867178613
2018-07-19,0.11385989681651636
2018-07-20,0.11157121936356776
2018-07-23,0.10909520317044188
2018-07-24,0.10707540732779795
2018-07-25,0.10386961774153057
2018-07-26,0.10056307643652788
2018-07-27,0.09792053556603372
2018-07-30,0.09417454209599717
2018-07-31,0.08791865054279009
2018-08-01,0.08185831719144455
2018-08-02,0.07571051565845828
2018-08-03,0.06855100127405216
2018-08-06,0.06163975872355114
2018-08-07,0.05527272090029015
2018-08-08,0.04880192028074329
2018-08-09,0.041438561871827144
2018-08-10,0.035142391717042594
2018-08-13,0.02911185716620355
2018-08-14,0.02381252771156748
2018-08-15,0.01873885273365008
2018-08-16,0.014658120328553891
2018-08-17,0.010485634758952415
2018-08-20,0.005660391786085169
2018-08-21,-0.00024427591231204987
2018-08-22,-0.005833667034496918
2018-08-23,-0.010904748033648938
2018-08-24,-0.017050748195381042
2018-08-27,-0.02245561752873216
2018-08-28,-0.025165462217066413
2018-08-29,-0.027788135140215192
2018-08-30,-0.029326581096692637
2018-08-31,-0.029835621172971095
2018-09-03,-0.030527130416216092
2018-09-04,-0.03090238631188795
2018-09-05,-0.030758481460292898
2018-09-06,-0.029309055150806403
2018-09-07,-0.02782844038802886
2018-09-10,-0.02670931272870756
2018-09-11,-0.024949985736381068
2018-09-12,-0.024433894047263156
2018-09-13,-0.02251644375319297
2018-09-14,-0.020004619370241762
2018-09-17,-0.01588276757147213
2018-09-18,-0.011493196257672138
2018-09-19,-0.0075064586294094435
2018-09-20,-0.0034059486457466647
2018-09-21,0.00017732818729512026
2018-09-24,0.0049995724150260065
2018-09-25,0.009013099001679159
2018-09-26,0.012778051875829094
2018-09-27,0.014952097629581412
2018-09-28,0.016691115879841296
2018-10-01,0.016999226603496568
2018-10-02,0.01589761746394329
2018-10-03,0.014807103106101675
2018-10-04,0.013924634869838843
2018-10-05,0.012086916110592571
2018-10-08,0.009598091206652054
2018-10-09,0.006347421824317042
2018-10-10,0.0033810218346133764
2018-10-11,-0.0014990624977480808
2018-10-12,-0.005495786703047177
2018-10-15,-0.010277227437707466
2018-10-16,-0.014821239051996199
2018-10-17,-0.01824196821969474
2018-10-18,-0.0217251257271409
2018-10-19,-0.025143098027664672
2018-10-22,-0.029706518364115746
2018-10-23,-0.034763773050135484
2018-10-24,-0.03986738661526859
2018-10-25,-0.04387304965134967
2018-10-26,-0.04691028999677269
2018-10-29,-0.047620370271717845
2018-10-30,-0.04711041599844531
2018-10-31,-0.0469754720691896
2018-11-01,-0.047125921706102594
2018-11-02,-0.0469723821242426
2018-11-05,-0.04589902286115727
2018-11-06,-0.04504709554388916
2018-11-07,-0.04345620443965152
2018-11-08,-0.041094309920360894
2018-11-09,-0.03966364651497292
2018-11-12,-0.038816101335764575
2018-11-13,-0.03736455340129459
2018-11-14,-0.03609029138300596
2018-11-15,-0.03439398453924776
2018-11-16,-0.031123208935948665
2018-11-19,-0.02680170595667902
2018-11-20,-0.021994100953866353
2018-11-21,-0.015586059068312211
2018-11-22,-0.008516405854589067
2018-11-23,-0.00285662779445718
2018-11-26,0.0020799863686760504
2018-11-27,0.007314866705279218
2018-11-28,0.012492583672488039
2018-11-29,0.017120011147594122
2018-11-30,0.021086722404602833
2018-12-03,0.024993203436219642
2018-12-04,0.030535081746869155
2018-12-05,0.036629434075960046
2018-12-06,0.04309913388379039
2018-12-07,0.048818983435896586
2018-12-10,0.05457306148971813
2018-12-11,0.05989873837835603
2018-12-12,0.06463842804340675
2018-12-13,0.06830400263677736
2018-12-14,0.07072936027046377
2018-12-17,0.07197853857963071
2018-12-18,0.07382698828791863
2018-12-19,0.07399993690144836
2018-12-20,0.07415819587805707
2018-12-21,0.07408417171834894
2018-12-24,0.07299948440579326
2018-12-25,0.07175761281437404
2018-12-26,0.07093423815158485
2018-12-27,0.0708421881740625
2018-12-28,0.07108803470528345
2018-12-31,0.07169198787925063
2019-01-01,0.07077406184670099
2019-01-02,0.06826951902567333
2019-01-03,0.06545144103074817
2019-01-04,0.06327607785447109
2019-01-07,0.060506432002393536
2019-01-08,0.0579347510069487
2019-01-09,0.05692377544264305
2019-01-10,0.055941601320822446
2019-01-11,0.05594243066223983
2019-01-14,0.05591688189383971
2019-01-15,0.05538749183836506
2019-01-16,0.05468087114228876
2019-01-17,0.05243688390044546
2019-01-18,0.05138556269002928
2019-01-21,0.05223575402464125
2019-01-22,0.053199759064740657
2019-01-23,0.05334340112755546
2019-01-24,0.052841313034230425
2019-01-25,0.05150892764323776
2019-01-28,0.04994241156540567
2019-01-29,0.04731212109852174
2019-01-30,0.04469278180826073
2019-01-31,0.04095221171247805
2019-02-01,0.03620046912979515
2019-02-04,0.03324192346472851
2019-02-05,0.029318013232208433
2019-02-06,0.024286004899931633
2019-02-07,0.019948260946553633
2019-02-08,0.01563000053775303
2019-02-11,0.011442874085120871
2019-02-12,0.006332831268303538
2019-02-13,0.0024359419735025065
2019-02-14,-0.0010505087972200278
2019-02-15,-0.005343461374491041
2019-02-18,-0.01085120791233195
2019-02-19,-0.016245773030307453
2019-02-20,-0.020849156077052098
2019-02-21,-0.025962381402882987
2019-02-22,-0.029301518890146663
2019-02-25,-0.033566634937339884
2019-02-26,-0.03513769659115547
2019-02-27,-0.03557235429210524
2019-02-28,-0.03470512441064535
2019-03-01,-0.032270507585523196
2019-03-04,-0.030436388719470683
2019-03-05,-0.02822025178026281
2019-03-06,-0.026513434855287756
2019-03-07,-0.02486884397374075
2019-03-08,-0.023923217957233973
2019-03-11,-0.022684238265907097
2019-03-12,-0.020355552552655906
2019-03-13,-0.018429717812751073
2019-03-14,-0.015832569937837635
2019-03-15,-0.01236835637367627
2019-03-18,-0.009604302785980479
2019-03-19,-0.007463536081876788
2019-03-20,-0.005563056616711625
2019-03-21,-0.0026555441664040187
2019-03-22,-0.0007182140538207972
2019-03-25,0.0025560798939913204
2019-03-26,0.00459979735476721
2019-03-27,0.0067524545976529685
2019-03-28,0.008361056747285227
2019-03-29,0.009710621515571097
2019-04-01,0.010038353622752601
2019-04-02,0.010530747777040383
2019-04-03,0.012295848259737435
2019-04-04,0.013933693799132296
2019-04-05,0.015763181845976117
2019-04-08,0.017674379305136455
2019-04-09,0.01981881647814368
2019-04-10,0.021476241862517145
2019-04-11,0.02310275881649462
2019-04-12,0.025623341623062183
2019-04-15,0.029556238395115047
2019-04-16,0.033258561779547245
2019-04-17,0.037069565702270546
2019-04-18,0.0409496775443347
2019-04-19,0.046326786474250606
2019-04-22,0.050974480881065785
2019-04-23,0.05463346066943655
2019-04-24,0.05803027270709611
2019-04-25,0.061249156534661675
2019-04-26,0.06380955916779533
2019-04-29,0.06693660082280667
2019-04-30,0.07031449987663774
2019-05-01,0.07273604129973486
2019-05-02,0.07529584506409127
2019-05-03,0.07798659635802556
2019-05-06,0.08079787805918319
2019-05-07,0.08318132740761931
2019-05-08,0.08554415172885274
2019-05-09,0.08794123603053204
2019-05-10,0.08905152793246698
2019-05-13,0.0894492808382119
2019-05-14,0.09024909007935997
2019-05-15,0.09091573241268455
2019-05-16,0.09067000245465134
2019-05-17,0.09009198441006026
2019-05-20,0.08894822113668469
2019-05-21,0.08895843663731381
2019-05-22,0.08803426972708478
2019-05-23,0.08789611219968337
2019-05-24,0.08739997491218701
2019-05-27,0.08683294389483862
2019-05-28,0.08690563291405302
2019-05-29,0.08643122518213883
2019-05-30,0.08529877789647133
2019-05-31,0.08298860094106893
2019-06-03,0.07950334058418938
2019-06-04,0.07511360390063275
2019-06-05,0.07163415517113815
2019-06-06,0.06808568019383779
2019-06-07,0.06352797502864395
2019-06-10,0.060286965950888255
2019-06-11,0.057425484626255185
2019-06-12,0.054084472649886826
2019-06-13,0.05000264731643995
2019-06-14,0.04561560147335748
2019-06-17,0.04103856646395872
2019-06-18,0.0355293129719302
2019-06-19,0.030818718553170314
2019-06-20,0.027177781354773525
2019-06-21,0.025181715585921312
2019-06-24,0.024287219324873183
2019-06-25,0.022706815086647902
2019-06-26,0.022401255436363104
2019-06-27,0.023147891571510096
2019-06-28,0.025447750613540623
2019-07-01,0.02846920817068913
2019-07-02,0.032398218554895844
2019-07-03,0.03507469570820321
2019-07-04,0.03693538478132386
2019-07-05,0.03890041391821122
2019-07-08,0.03942153546724734
2019-07-09,0.03879017453155246
2019-07-10,0.03804688551898642
2019-07-11,0.03916035014515447
2019-07-12,0.039591695097949776
2019-07-15,0.04152251954158845
2019-07-16,0.04390110722706995
2019-07-17,0.04548396993028984
2019-07-18,0.04539784439250036
2019-07-19,0.04372725222916801
2019-07-22,0.041241016848566535
2019-07-23,0.03844540890183937
2019-07-24,0.03469875098337022
2019-07-25,0.030441595045188865
2019-07-26,0.02553150612062988
2019-07-29,0.020568804142958485
2019-07-30,0.015852147365856484
2019-07-31,0.01099456290063398
2019-08-01,0.006647312033827379
2019-08-02,0.0035758497347631478
2019-08-05,0.0006332999207722097
2019-08-06,-0.0015001315370520366
2019-08-07,-0.00226578270355001
2019-08-08,-0.0030391767502547687
2019-08-09,-0.004540786146002427
2019-08-12,-0.006655650235104539
2019-08-13,-0.0076259635957969816
2019-08-14,-0.00789794587912008
2019-08-15,-0.00868359935567967
2019-08-16,-0.009361256058335703
2019-08-19,-0.010402362255574959
2019-08-20,-0.012006026864124563
2019-08-21,-0.012592198320066412
2019-08-22,-0.013854629014986092
2019-08-23,-0.01510013388948336
2019-08-26,-0.01640636330798477
2019-08-27,-0.017809901755728524
2019-08-28,-0.018124951154910574
2019-08-29,-0.01792655420879432
2019-08-30,-0.018077220598385936
2019-09-02,-0.01801037550256383
2019-09-03,-0.018147494333040765
2019-09-04,-0.01831418485202619
2019-09-05,-0.019560603454276165
2019-09-06,-0.020002288050131305
2019-09-09,-0.020531000247345478
2019-09-10,-0.021588363749980473
2019-09-11,-0.022546690960174025
2019-09-12,-0.023004402404708146
2019-09-13,-0.022661908517383558
2019-09-16,-0.021801312549751033
2019-09-17,-0.019633015148284517
2019-09-18,-0.017293825120863377
2019-09-19,-0.0142531319062969
2019-09-20,-0.011237674866099152
2019-09-23,-0.007811503357346176
2019-09-24,-0.00381766625034787
2019-09-25,-0.00013755245338513322
2019-09-26,0.0035023319882989696
2019-09-27,0.007990440149937744
2019-09-30,0.012089103565147344
2019-10-01,0.016685318104370184
2019-10-02,0.020624781615409555
2019-10-03,0.025094445186667196
2019-10-04,0.02959452292938708
2019-10-07,0.03365226442630306
2019-10-08,0.03666556335498787
2019-10-09,0.039215204998313304
2019-10-10,0.04150541693919131
2019-10-11,0.043553172141157136
2019-10-14,0.04530927276978663
2019-10-15,0.046717655470421615
2019-10-16,0.046055115612200145
2019-10-17,0.04573148843179038
2019-10-18,0.04633221877440488
2019-10-21,0.04617122700223181
2019-10-22,0.04460635890087876
2019-10-23,0.043674414118414856
2019-10-24,0.04128578072873505
2019-10-25,0.038279524330071146
2019-10-28,0.03592011356224399
2019-10-29,0.03296741053673551
2019-10-30,0.029091844453736557
2019-10-31,0.025688802946107255
2019-11-01,0.022441660661145044
2019-11-04,0.019851315339099666
2019-11-05,0.017731667070368495
2019-11-06,0.016160323921945784
2019-11-07,0.014878181246344283
2019-11-08,0.013455074319911284
2019-11-11,0.012043313731704253
2019-11-12,0.009991920596722036
2019-11-13,0.009609237338798813
2019-11-14,0.00937435071142886
2019-11-15,0.008798846138912004
2019-11-18,0.008814876284595185
2019-11-19,0.00871523417653145
2019-11-20,0.008308255954964018
2019-11-21,0.008931285986291624
2019-11-22,0.009427749575015685
2019-11-25,0.009898199697998097
2019-11-26,0.010764682943652473
2019-11-27,0.011983559309253808
2019-11-28,0.012700788525156216
2019-11-29,0.013319747842271893
2019-12-02,0.014010557096923858
2019-12-03,0.015678677371501776
2019-12-04,0.01695826211973605
2019-12-05,0.018425595988990087
2019-12-06,0.019226352523232952
2019-12-09,0.020653530279691235
2019-12-10,0.02224429333618858
2019-12-11,0.02269084723543716
2019-12-12,0.022457310591411914
2019-12-13,0.022576014883232232
2019-12-16,0.023323133340010214
2019-12-17,0.0251777982635747
2019-12-18,0.026268948619993033
2019-12-19,0.0275196084876804
2019-12-20,0.028184938596375
2019-12-23,0.028276320386852436
2019-12-24,0.02842302641895569
2019-12-25,0.029244797219891355
2019-12-26,0.029675603661684494
2019-12-27,0.030495656861489837
2019-12-30,0.030722619725597436
2019-12-31,0.02981392638157997
2020-01-01,0.029349790902370762
2020-01-02,0.029103382347391526
2020-01-03,0.02997756187671919
2020-01-06,0.03045226312401373
2020-01-07,0.032015077469452875
2020-01-08,0.03483028438093441
2020-01-09,0.03753009978968867
2020-01-10,0.039118699785799696
2020-01-13,0.04077153387527003
2020-01-14,0.04215397209282815
2020-01-15,0.043691584761876234
2020-01-16,0.04451701731510185
2020-01-17,0.04461464019449744
2020-01-20,0.04478438323143887
2020-01-21,0.04440044633553603
2020-01-22,0.043686759396997496
2020-01-23,0.04346540442640432
2020-01-24,0.04292662707320905
2020-01-27,0.042541478096923234
2020-01-28,0.042615730997907664
2020-01-29,0.042474015451909215
2020-01-30,0.04183230774108837
2020-01-31,0.040741301826545194
2020-02-03,0.03939895704902987
2020-02-04,0.03683208931596049
2020-02-05,0.03435404534609268
2020-02-06,0.03270086605246868
2020-02-07,0.03126581137749687
2020-02-10,0.028744717095633195
2020-02-11,0.02635169182935057
2020-02-12,0.02425665796459062
2020-02-13,0.02285668068483562
2020-02-14,0.02234246216129482
2020-02-17,0.022046775892350767
2020-02-18,0.02201530162311971
2020-02-19,0.022117463545016935
2020-02-20,0.02228493725713734
2020-02-21,0.022129799826361256
2020-02-24,0.022286258933631377
2020-02-25,0.022827159736949865
2020-02-26,0.023587137205244798
2020-02-27,0.024614283282683294
2020-02-28,0.02483344016915079
2020-03-02,0.025598504725091575
2020-03-03,0.026276701828301767
2020-03-04,0.026090208021432026
2020-03-05,0.024548539956629516
2020-03-06,0.021923474631294244
2020-03-09,0.019571722523149464
2020-03-10,0.016830081243986373
2020-03-11,0.013746133356240954
2020-03-12,0.009814568772026175
2020-03-13,0.006122353065180728
2020-03-16,0.0027269280260481805
2020-03-17,-0.0009606449169218038
2020-03-18,-0.004644273589120822
2020-03-19,-0.008556308779444908
2020-03-20,-0.012096197053848812
2020-03-23,-0.015849085240254048
2020-03-24,-0.020802502727741
2020-03-25,-0.02589041324074089
2020-03-26,-0.03032389423304226
2020-03-27,-0.03315183075904115
2020-03-30,-0.036843931840078545
2020-03-31,-0.039668776584119214
2020-04-01,-0.042516505747482995
2020-04-02,-0.044698051018590895
2020-04-03,-0.0449415165206276
2020-04-06,-0.045656325838329626
2020-04-07,-0.04741181434734997
2020-04-08,-0.04830480737810502
2020-04-09,-0.04791916268626484
2020-04-10,-0.04753994769029676
2020-04-13,-0.04705887679154897
2020-04-14,-0.04602325607083045
2020-04-15,-0.04437522303002004
2020-04-16,-0.0423691703308033
2020-04-17,-0.04076768519799527
2020-04-20,-0.038400628688291236
2020-04-21,-0.035607247686331674
2020-04-22,-0.033112583525980996
2020-04-23,-0.030778992237684523
2020-04-24,-0.028080871295334566
2020-04-27,-0.024194131620951086
2020-04-28,-0.020185752774508757
2020-04-29,-0.0159046301548089
2020-04-30,-0.011020407337966012
2020-05-01,-0.007036928418662601
2020-05-04,-0.0015552959440515194
2020-05-05,0.0053396405266249
2020-05-06,0.011350534979849978
2020-05-07,0.017426455944518575
2020-05-08,0.023222175000316057
2020-05-11,0.02793901111975903
2020-05-12,0.03333761219680372
2020-05-13,0.03751115749818643
2020-05-14,0.04077799824493926
2020-05-15,0.04448790429307205
2020-05-18,0.04752394183493478
2020-05-19,0.05144102534119057
2020-05-20,0.0555769891768039
2020-05-21,0.0589112330073011
2020-05-22,0.06024723004371142
2020-05-25,0.06129260804261018
2020-05-26,0.061825219062766834
2020-05-27,0.06263663656001361
2020-05-28,0.06346526453955416
2020-05-29,0.06454714915770159
2020-06-01,0.06473498358027362
2020-06-02,0.06583693519019801
2020-06-03,0.06681961238389501
2020-06-04,0.0675521749356726
2020-06-05,0.06897763694250249
2020-06-08,0.07124742622203577
2020-06-09,0.07318297964903499
2020-06-10,0.07575312966296083
2020-06-11,0.0792198320949953
2020-06-12,0.08299485774888543
2020-06-15,0.08592776209625706
2020-06-16,0.08779323073160185
2020-06-17,0.08874745152906861
2020-06-18,0.08923529761667942
2020-06-19,0.09144127300392638
2020-06-22,0.09215267470826007
2020-06-23,0.09275979409482485
2020-06-24,0.09322428270872944
2020-06-25,0.09298257593549938
2020-06-26,0.0929918484392407
2020-06-29,0.09284171917920786
2020-06-30,0.0908211459815647
2020-07-01,0.08931444719157687
2020-07-02,0.08732755145276377
2020-07-03,0.0850523072897611
2020-07-06,0.08342621380935321
2020-07-07,0.08101458734194093
2020-07-08,0.07886816480980774
2020-07-09,0.07677346278277714
2020-07-10,0.07439654746328571
2020-07-13,0.07267150890902298
2020-07-14,0.07072680577009689
2020-07-15,0.06969174275054786
2020-07-16,0.06960138768911875
2020-07-17,0.06818780763679061
2020-07-20,0.06796378604050292
2020-07-21,0.06852143143141878
2020-07-22,0.06911633800313248
2020-07-23,0.06969571721648923
2020-07-24,0.0704132764620538
2020-07-27,0.07105307404651239
2020-07-28,0.07334984440955539
2020-07-29,0.0760658708624078
2020-07-30,0.07759043010494322
2020-07-31,0.07928205895402307
2020-08-03,0.08003187227374127
2020-08-04,0.08128282334023691
2020-08-05,0.0823158322418883
2020-08-06,0.08266203150053791
2020-08-07,0.08166125709519463
2020-08-10,0.08057248049966452
2020-08-11,0.08009717872196369
2020-08-12,0.07931736959485046
2020-08-13,0.0791467355492313
2020-08-14,0.07997912590970402
2020-08-17,0.08100214746174017
2020-08-18,0.08054136436102872
2020-08-19,0.0801587712463208
2020-08-20,0.08044246115124966
2020-08-21,0.07941097701624097
2020-08-24,0.07814805019782378
2020-08-25,0.0753729107276396
2020-08-26,0.07152469152393073
2020-08-27,0.06959499489739762
2020-08-28,0.06716836781189234
2020-08-31,0.06467548136742328
2020-09-01,0.06105013729010395
2020-09-02,0.05671853538143836
2020-09-03,0.05292818937224687
2020-09-04,0.05021277766229641
2020-09-07,0.04851613158862401
2020-09-08,0.0472194816253593
2020-09-09,0.046332694679166904
2020-09-10,0.0451712139687121
2020-09-11,0.042527809158175396
2020-09-14,0.03841101204009724
2020-09-15,0.03431876224354397
2020-09-16,0.030521281910935765
2020-09-17,0.025667099388047343
2020-09-18,0.022678584200630604
2020-09-21,0.019813662609002743
2020-09-22,0.016981628475373944
2020-09-23,0.015535845321441167
2020-09-24,0.014940619592804143
2020-09-25,0.01574041640028411
2020-09-28,0.017452815771840456
2020-09-29,0.020623979583570165
2020-09-30,0.024727949224734914
2020-10-01,0.028991989962446292
2020-10-02,0.03339589603321147
2020-10-05,0.0361817893011524
2020-10-06,0.03883579116946387
2020-10-07,0.04129809887729486
2020-10-08,0.042702460154883104
2020-10-09,0.04524536636167931
2020-10-12,0.04970562841628225
2020-10-13,0.05569035371880515
2020-10-14,0.06158121704924406
2020-10-15,0.06729570686179318
2020-10-16,0.07140112999394557
2020-10-19,0.07551221424616533
2020-10-20,0.07917775058601297
2020-10-21,0.08175753715072152
2020-10-22,0.08212311166654003
2020-10-23,0.08146803251277666
2020-10-26,0.08002340448827852
2020-10-27,0.07739370131331696
2020-10-28,0.07524265516874636
2020-10-29,0.07307363551789967
2020-10-30,0.07140362912062592
2020-11-02,0.07028347591502451
2020-11-03,0.06851590548829824
2020-11-04,0.06651249315911582
2020-11-05,0.06552051867520242
2020-11-06,0.06545583388785696
2020-11-09,0.06571839903317223
2020-11-10,0.06536987893241294
2020-11-11,0.0633709125423612
2020-11-12,0.06249713455494729
2020-11-13,0.06080560993158397
2020-11-16,0.05973442803299298
2020-11-17,0.059998101029239206
2020-11-18,0.060019451965956934
2020-11-19,0.059491388298368635
2020-11-20,0.058061084443830346
2020-11-23,0.055921947174161456
2020-11-24,0.05375191237540519
2020-11-25,0.04878859531771346
2020-11-26,0.04276875814556381
2020-11-27,0.03701742359789554
2020-11-30,0.03275407751153085
2020-12-01,0.029015503573658483
2020-12-02,0.025344058453339573
2020-12-03,0.02132186105129851
2020-12-04,0.015041506973957237
2020-12-07,0.007071992525603776
2020-12-08,-0.0005514473206218224
2020-12-09,-0.0063222845860025426
2020-12-10,-0.012204663641283324
2020-12-11,-0.016240638456114568
2020-12-14,-0.020920547758421105
2020-12-15,-0.02585675116476381
2020-12-16,-0.030206798858724643
2020-12-17,-0.03271335995738546
2020-12-18,-0.03451074829201018
2020-12-21,-0.035886863739708945
2020-12-22,-0.0354342285566444
2020-12-23,-0.032805859733015474
2020-12-24,-0.029783546559043243
2020-12-25,-0.028562510405864345
2020-12-28,-0.03012561824204252
2020-12-29,-0.031091998312750366
2020-12-30,-0.031209184949266378
2020-12-31,-0.03185903897066577
2021-01-01,-0.031624245981755686
2021-01-04,-0.031080328321240136
2021-01-05,-0.03174521890130869
2021-01-06,-0.03329293163867386
2021-01-07,-0.03475605428862764
2021-01-08,-0.036687016082062915
2021-01-11,-0.038079561340190325
2021-01-12,-0.039894731405899345
2021-01-13,-0.041397548409425354
2021-01-14,-0.043170717795426715
2021-01-15,-0.04594554489966917
2021-01-18,-0.04757449612559907
2021-01-19,-0.050728849171346846
2021-01-20,-0.0537436886241495
2021-01-21,-0.056339162774213886
2021-01-22,-0.0577300737942784
2021-01-25,-0.05789102143701666
2021-01-26,-0.05883678201156519
2021-01-27,-0.06030868835825674
2021-01-28,-0.06105136604880128
2021-01-29,-0.06124038320964225
2021-02-01,-0.061493128231829876
2021-02-02,-0.06115496697557525
2021-02-03,-0.060652667475313504
2021-02-04,-0.061119788774524085
2021-02-05,-0.06248417200932948
2021-02-08,-0.06383397346823692
2021-02-09,-0.06384824499353998
2021-02-10,-0.06531690983819845
2021-02-11,-0.06778445572235832
2021-02-12,-0.06881368173440953
2021-02-15,-0.06969684566188743
2021-02-16,-0.0703110492759644
2021-02-17,-0.07137682609464621
2021-02-18,-0.07271601824433488
2021-02-19,-0.07376894417389644
2021-02-22,-0.0739410913686708
2021-02-23,-0.07458908868127645
2021-02-24,-0.07595714694812873
2021-02-25,-0.07816577823910979
2021-02-26,-0.08077407851578416
2021-03-01,-0.08238872338823384
2021-03-02,-0.08303485147191646
2021-03-03,-0.0834785531681975
2021-03-04,-0.08335025766521116
2021-03-05,-0.0819741908071902
2021-03-08,-0.08063791486032346
2021-03-09,-0.08020727044949093
2021-03-10,-0.0782589912180253
2021-03-11,-0.07387681649738574
2021-03-12,-0.06936440157098733
2021-03-15,-0.06695262744530837
2021-03-16,-0.0645720427860661
2021-03-17,-0.06112159306634761
2021-03-18,-0.05735099671303162
2021-03-19,-0.05533723287771022
2021-03-22,-0.053119705805450126
2021-03-23,-0.05032894169686611
2021-03-24,-0.04610289712661552
2021-03-25,-0.040644486761007764
2021-03-26,-0.03530702832172689
2021-03-29,-0.030321151311113254
2021-03-30,-0.02591744552530673
2021-03-31,-0.02111688414930275
2021-04-01,-0.015632765461411707
2021-04-02,-0.009700813464503065
2021-04-05,-0.0044844100703895105
2021-04-06,0.0008339753035756953
2021-04-07,0.0063032957573157765
2021-04-08,0.009507407764576828
2021-04-09,0.011531090641923843
2021-04-12,0.014566532155468511
2021-04-13,0.01865382455771958
2021-04-14,0.021335359451892605
2021-04-15,0.023866606753497697
2021-04-16,0.02822256493893302
2021-04-19,0.031785479412420256
2021-04-20,0.03590910922399682
2021-04-21,0.03853885054898786
2021-04-22,0.04064135367402933
2021-04-23,0.042956592415755286
2021-04-26,0.044730030771769395
2021-04-27,0.046667733755808974
2021-04-28,0.04915992274882342
2021-04-29,0.05138390784137193
2021-04-30,0.053529021570118344
2021-05-03,0.05624394414281306
2021-05-04,0.05844903976528534
2021-05-05,0.06030882861187762
2021-05-06,0.0619460087713954
2021-05-07,0.06432706749786245
2021-05-10,0.0675785319391485
2021-05-11,0.06926450799383302
2021-05-12,0.07175222560277032
2021-05-13,0.07477568150796125
2021-05-14,0.07725001425619585
2021-05-17,0.07863705035146086
2021-05-18,0.07916728459925058
2021-05-19,0.0806876741671057
2021-05-20,0.08177253483899005
2021-05-21,0.08251421490515524
2021-05-24,0.08280812940624335
2021-05-25,0.08277671202796644
2021-05-26,0.0812914288696672
2021-05-27,0.0791078655522054
2021-05-28,0.07614982658155316
2021-05-31,0.07305517788312896
2021-06-01,0.0698055137740859
2021-06-02,0.06691899954299221
2021-06-03,0.0648149964965875
2021-06-04,0.06323812184304305
2021-06-07,0.0613515060976099
2021-06-08,0.06037965819524672
2021-06-09,0.05885932921629208
2021-06-10,0.056672433048613864
2021-06-11,0.05419962113277777
2021-06-14,0.05286556967407607
2021-06-15,0.05202013274492785
2021-06-16,0.05029965049563835
2021-06-17,0.04924262420491907
2021-06-18,0.04858209375136512
2021-06-21,0.04860792031040904
2021-06-22,0.04830821820278006
2021-06-23,0.04772250942056868
2021-06-24,0.04758058640961997
2021-06-25,0.04734214526003234
2021-06-28,0.04753355766333932
2021-06-29,0.04794706757700534
2021-06-30,0.047448038494608304
2021-07-01,0.047757439653606654
2021-07-02,0.046819235143321515
2021-07-05,0.04465467684681577
2021-07-06,0.042342249355947575
2021-07-07,0.04016607629608776
2021-07-08,0.03790304432784424
2021-07-09,0.036113005398121706
2021-07-12,0.035134692055249696
2021-07-13,0.03455359487444658
2021-07-14,0.034659878607308
2021-07-15,0.03410358076942868
2021-07-16,0.034006496958741486
2021-07-19,0.034758317125743676
2021-07-20,0.03556763899178926
2021-07-21,0.03660582005405111
2021-07-22,0.03791666325402887
2021-07-23,0.039529582471844654
2021-07-26,0.03982969040803877
2021-07-27,0.04108823156957075
2021-07-28,0.04217988251069226
2021-07-29,0.042048072689579295
2021-07-30,0.04260606320435562
2021-08-02,0.043951986873437245
2021-08-03,0.04513469618061386
2021-08-04,0.04624485666800488
2021-08-05,0.04760567366557241
2021-08-06,0.04857900688002953
2021-08-09,0.049021413684243495
2021-08-10,0.04889379992967421
2021-08-11,0.04838333732920145
2021-08-12,0.048404110089778005
2021-08-13,0.04766736634827287
2021-08-16,0.045982934994308416
2021-08-17,0.044620571553609455
2021-08-18,0.0447219766588484
2021-08-19,0.0441201509043949
2021-08-20,0.043326715661563625
2021-08-23,0.04374029737581442
2021-08-24,0.04341412743991097
2021-08-25,0.043975451369214866
2021-08-26,0.043965171842709365
2021-08-27,0.04351277253341387
2021-08-30,0.042781072633279384
2021-08-31,0.04220358995259769
2021-09-01,0.04250135728656252
2021-09-02,0.04260978354443258
2021-09-03,0.042775794879610585
2021-09-06,0.04238605042068795
2021-09-07,0.04212394816091108
2021-09-08,0.041813493347283674
2021-09-09,0.04119431971008305
2021-09-10,0.041164226701325364
2021-09-13,0.040951125786533975
2021-09-14,0.04063710978870399
2021-09-15,0.03958856741755498
2021-09-16,0.03766179056003253
2021-09-17,0.03610671856675379
2021-09-20,0.034468137538263485
2021-09-21,0.031997621231760934
2021-09-22,0.029248910887618884
2021-09-23,0.0283604799205089
2021-09-24,0.02799814729584207
2021-09-27,0.028580131975962018
2021-09-28,0.029447884997981805
2021-09-29,0.02992439435082094
2021-09-30,0.03124496963003734
2021-10-01,0.03317134597887323
2021-10-04,0.03524403934703242
2021-10-05,0.03613724512006763
2021-10-06,0.037450023475783474
2021-10-07,0.038244170617062846
2021-10-08,0.039475328467427996
2021-10-11,0.04071269578451563
2021-10-12,0.04186395531458284
2021-10-13,0.04247203795238041
2021-10-14,0.04483840260234059
2021-10-15,0.047568478627372776
2021-10-18,0.050041345137382225
2021-10-19,0.053857732404561855
2021-10-20,0.05702082152160595
2021-10-21,0.05871811278528974
2021-10-22,0.06019245500727342
2021-10-25,0.06108673426001634
2021-10-26,0.0609109096521089
2021-10-27,0.059454175107607275
2021-10-28,0.056376162769423165
2021-10-29,0.05258007101994033
2021-11-01,0.04825219881860683
2021-11-02,0.04533343968537134
2021-11-03,0.042554558629609274
2021-11-04,0.03997584988111182
2021-11-05,0.03583239397644783
2021-11-08,0.03155594221635999
2021-11-09,0.027376598928741266
2021-11-10,0.02369067732002147
2021-11-11,0.019258213835058206
2021-11-12,0.013687734782430757
2021-11-15,0.008369690124191738
2021-11-16,0.003145786627821774
2021-11-17,-0.0013772625465769022
2021-11-18,-0.0056039080722890535
2021-11-19,-0.009739006205653582
2021-11-22,-0.0143281025673327
2021-11-23,-0.01812501194498263
2021-11-24,-0.02112556128682349
2021-11-25,-0.022532437006068266
2021-11-26,-0.0237912367289856
2021-11-29,-0.02441386615014912
2021-11-30,-0.02578487705361401
2021-12-01,-0.02811729230155679
2021-12-02,-0.030264548685323404
2021-12-03,-0.03190716508130941
2021-12-06,-0.03276243360347115
2021-12-07,-0.03428774171878379
2021-12-08,-0.036062438005134645
2021-12-09,-0.03743035467076439
2021-12-10,-0.038616176429465084
2021-12-13,-0.03918972441518976
2021-12-14,-0.040064245296407355
2021-12-15,-0.0410634905837926
2021-12-16,-0.04170370103760223
2021-12-17,-0.04295733017710236
2021-12-20,-0.0439109867846789
2021-12-21,-0.04517966117724508
2021-12-22,-0.04657057240107148
2021-12-23,-0.04876274882540322
2021-12-24,-0.05081563374802821
2021-12-27,-0.0525255658588445
2021-12-28,-0.05391044925722273
2021-12-29,-0.05420956760795653
2021-12-30,-0.053479519838882716
2021-12-31,-0.05278827383712563
2022-01-03,-0.051946354629565594
2022-01-04,-0.050184560313669864
2022-01-05,-0.048772158054684676
2022-01-06,-0.046834858018554915
2022-01-07,-0.0445097699042497
2022-01-10,-0.0428676793455149
2022-01-11,-0.0416868814231078
2022-01-12,-0.04077266598234599
2022-01-13,-0.039496713920378596
2022-01-14,-0.037498423978316334
2022-01-17,-0.03496510078693164
2022-01-18,-0.0323631359207077
2022-01-19,-0.02939782115264922
2022-01-20,-0.02665525699756118
2022-01-21,-0.02467466171463638
2022-01-24,-0.023145825228923878
2022-01-25,-0.021116213664144186
2022-01-26,-0.01906711632824821
2022-01-27,-0.01792850720295033
2022-01-28,-0.015880803074530686
2022-01-31,-0.015023436610391395
2022-02-01,-0.013781617607343399
2022-02-02,-0.012098602203800757
2022-02-03,-0.011412173519355966
2022-02-04,-0.010244131045310096
2022-02-07,-0.010102432624334773
2022-02-08,-0.009706695702326212
2022-02-09,-0.008500009626277826
2022-02-10,-0.007870553361499588
2022-02-11,-0.006153184272690236
2022-02-14,-0.0046818648686394035
2022-02-15,-0.0028960005905183067
2022-02-16,-0.0008716593527364349
2022-02-17,0.0015698312657857604
2022-02-18,0.005376797376019423
2022-02-21,0.00978099881249335
2022-02-22,0.013175501109402929
2022-02-23,0.016568533761911516
2022-02-24,0.019471524626386547
2022-02-25,0.022142883185021955
2022-02-28,0.02589480071590298
2022-03-01,0.028366973286521886
2022-03-02,0.03050176928551358
2022-03-03,0.03241431081799212
2022-03-04,0.03324075014892711
2022-03-07,0.0349086761008078
2022-03-08,0.036584466296528076
2022-03-09,0.03810985893682625
2022-03-10,0.04042470317503646
2022-03-11,0.04127669657251648
2022-03-14,0.04192237966884526
2022-03-15,0.04165590915665677
2022-03-16,0.04062758952682078
2022-03-17,0.03998722480262886
2022-03-18,0.03959329863028527
2022-03-21,0.03817772930051313
2022-03-22,0.03733453355973771
2022-03-23,0.03574891876210405
2022-03-24,0.03534729880656663
2022-03-25,0.03385100507858316
2022-03-28,0.03196077380264871
2022-03-29,0.03055090813728272
2022-03-30,0.029443153614070867
2022-03-31,0.0293830827721155
2022-04-01,0.029584553808934915
2022-04-04,0.03000422315144996
2022-04-05,0.029998937895458027
2022-04-06,0.02903765597530619
2022-04-07,0.027071696299263703
2022-04-08,0.025077087768481453
2022-04-11,0.023821266413704523
2022-04-12,0.02385032433223691
2022-04-13,0.024325711873104366
2022-04-14,0.024494078726484552
2022-04-15,0.02317427010635246
2022-04-18,0.022884309310291034
2022-04-19,0.023220429031497708
2022-04-20,0.023608161139952507
2022-04-21,0.023822853569973546
2022-04-22,0.02411818720805437
2022-04-25,0.023562208556181727
2022-04-26,0.022915301396997934
2022-04-27,0.022407806188366824
2022-04-28,0.02217192018070649
2022-04-29,0.023232811806486457
2022-05-02,0.024705530747167668
2022-05-03,0.026677453191538282
2022-05-04,0.02813675747570939
2022-05-05,0.029374509998060926
2022-05-06,0.03066312290134439
2022-05-09,0.0307800085375996
2022-05-10,0.030465596439937754
2022-05-11,0.030150366224496086
2022-05-12,0.028651912800979635
2022-05-13,0.027709519755126713
2022-05-16,0.02586134444518696
2022-05-17,0.023484982160903608
2022-05-18,0.022211331602702566
2022-05-19,0.020033383279287692
2022-05-20,0.017848989411091507
2022-05-23,0.016438312470762217
2022-05-24,0.0160445043550016
2022-05-25,0.01641970959792597
2022-05-26,0.015046783839571667
2022-05-27,0.012298363986031324
2022-05-30,0.008725153253041896
2022-05-31,0.0048433628677743415
2022-06-01,0.0034670345094553997
2022-06-02,0.002223807597521361
2022-06-03,0.0015106252809364887
2022-06-06,0.0014023782045306196
2022-06-07,0.0016007234564167222
2022-06-08,0.0019894606937838634
2022-06-09,0.003856192677001586
2022-06-10,0.005534590392748283
2022-06-13,0.00769919657648638
2022-06-14,0.009498279509839938
2022-06-15,0.010276771126255722
2022-06-16,0.011474027788463403
2022-06-17,0.014262528905359579
2022-06-20,0.01743430064181919
2022-06-21,0.020263833391380628
2022-06-22,0.02176560082670936
2022-06-23,0.023418245096444447
2022-06-24,0.025264168166882237
2022-06-27,0.026965708396144705
2022-06-28,0.02843115059453433
2022-06-29,0.02801875040084156
2022-06-30,0.028977842352700435
2022-07-01,0.028957035320201843
2022-07-04,0.030224292333936875
2022-07-05,0.031578112189336496
2022-07-06,0.0329342671600156
2022-07-07,0.03420094269439733
2022-07-08,0.03576464569396261
2022-07-11,0.037646071492711444
2022-07-12,0.04010436846727311
2022-07-13,0.04246705523944797
2022-07-14,0.045151791920430076
2022-07-15,0.047260069074283616
2022-07-18,0.049048764093887705
2022-07-19,0.049861220103522286
2022-07-20,0.05110114874148312
2022-07-21,0.05395247865834193
2022-07-22,0.05545532358960017
2022-07-25,0.05786183442458363
2022-07-26,0.06093313974235888
2022-07-27,0.06399693217391027
2022-07-28,0.06596807713608173
2022-07-29,0.06940732430529031
2022-08-01,0.07118587764256802
2022-08-02,0.07162587304174341
2022-08-03,0.07185972946242548
2022-08-04,0.071312583445619
2022-08-05,0.07008260451136779
2022-08-08,0.0679614123059498
2022-08-09,0.06572597350077834
2022-08-10,0.06389698483785877
2022-08-11,0.06203719327035256
2022-08-12,0.060054691695412325
2022-08-15,0.05828089777436912
2022-08-16,0.056594291382463004
2022-08-17,0.05481612268340439
2022-08-18,0.05269484868423669
2022-08-19,0.05267329528711754
2022-08-22,0.0527188957106124
2022-08-23,0.05288448513583347
2022-08-24,0.05370147940195521
2022-08-25,0.054882945582150525
2022-08-26,0.0554247151173537
2022-08-29,0.055038503667363264
2022-08-30,0.05518333281734772
2022-08-31,0.05481766999571647
